{"cameraMode":{"drawMode":0,"name":"Shaded","section":"Shading Mode"},"sceneLighting":true,"audioPlay":false,"sceneViewState":{"m_AlwaysRefresh":false,"showFog":true,"showSkybox":true,"showFlares":true,"showImageEffects":true,"showParticleSystems":true,"showVisualEffectGraphs":true,"m_FxEnabled":true},"in2DMode":false,"pivot":{"x":-9.906121253967286,"y":12.370840072631836,"z":-8.551305770874024},"rotation":{"x":0.0019043739885091782,"y":-1.000440239906311,"z":0.0018215291202068329,"w":-0.007161008194088936},"size":0.6261072158813477,"orthographic":false}