{"cameraMode":{"drawMode":0,"name":"Shaded","section":"Shading Mode"},"sceneLighting":false,"audioPlay":false,"sceneViewState":{"m_AlwaysRefresh":false,"showFog":true,"showSkybox":true,"showFlares":true,"showImageEffects":true,"showParticleSystems":true,"showVisualEffectGraphs":true,"m_FxEnabled":true},"in2DMode":false,"pivot":{"x":1.6346819400787354,"y":1.596273422241211,"z":-22.206802368164064},"rotation":{"x":-0.0015294408658519388,"y":-0.9986318945884705,"z":0.03477264195680618,"w":-0.0413491353392601},"size":12.12435531616211,"orthographic":false}