{"cameraMode":{"drawMode":0,"name":"Shaded","section":"Shading Mode"},"sceneLighting":true,"audioPlay":false,"sceneViewState":{"m_AlwaysRefresh":false,"showFog":true,"showSkybox":true,"showFlares":true,"showImageEffects":true,"showParticleSystems":true,"showVisualEffectGraphs":true,"m_FxEnabled":true},"in2DMode":false,"pivot":{"x":-11.22016716003418,"y":10.926836013793946,"z":-23.382837295532228},"rotation":{"x":-0.009254713542759419,"y":0.9917511343955994,"z":-0.10624872893095017,"w":-0.07655087858438492},"size":0.8660253882408142,"orthographic":false}