{"cameraMode":{"drawMode":0,"name":"Shaded","section":"Shading Mode"},"sceneLighting":false,"audioPlay":false,"sceneViewState":{"m_AlwaysRefresh":false,"showFog":true,"showSkybox":true,"showFlares":true,"showImageEffects":true,"showParticleSystems":true,"showVisualEffectGraphs":true,"m_FxEnabled":true},"in2DMode":false,"pivot":{"x":-4.599016189575195,"y":-1.4738354682922364,"z":19.145538330078126},"rotation":{"x":0.050869036465883258,"y":0.1273125261068344,"z":-0.00656398618593812,"w":0.9906078577041626},"size":9.956839561462403,"orthographic":false}